,Company,Designation,Location
0,Bell Techlogix India,Database Architect,Greater Hyderabad Area (On-site)
1,Tata Consultancy Services,Application Packaging,"Hyderabad, Telangana, India (Hybrid)"
2,BASF Environmental Catalyst and Metal Solutions,Trainee,"Chennai, Tamil Nadu, India (On-site)"
3,Genpact,Management Trainee- R2R,"Noida, Uttar Pradesh, India (On-site)"
4,Klizo Solutions Pvt Ltd,Python Developer,"Kolkata, West Bengal, India (On-site)"
5,Tata Consultancy Services,Data Engineer,"Bengaluru, Karnataka, India (On-site)"
6,Stealth Startup,Software Engineer Intern,India (Remote)
7,Ossila,Senior Product Design Engineer,"Bengaluru, Karnataka, India (On-site)"
8,Cleartrip,Category Manager,"Bengaluru, Karnataka, India (On-site)"
9,Birlasoft,Principal Consultant- SAP CPI- PI/PO,"Bengaluru, Karnataka, India (Hybrid)"
10,"Indian Institute of Technology, Roorkee",Junior Research Fellow (JRF),"Roorkee, Uttarakhand, India (On-site)"
11,Accenture in India,Application Developer,"Bengaluru, Karnataka, India (Hybrid)"
12,Birlasoft,Developer,"Bengaluru, Karnataka, India (Hybrid)"
13,Tata Consultancy Services,Consultant,Greater Bengaluru Area (On-site)
14,Birlasoft,JDE CSMS Functional Consultant,"Mumbai, Maharashtra, India (Hybrid)"
15,Accenture in India,Application Developer,"Bengaluru, Karnataka, India (Hybrid)"
16,Birlasoft,Solution Architect,Greater Bengaluru Area (Hybrid)
17,Birlasoft,Data Architect,"Hyderabad, Telangana, India (Hybrid)"
18,Nisum,Jira Developer - Th5853,"Hyderabad, Telangana, India (Hybrid)"
19,Birlasoft,Sr Principal Consultant,"Mulshi, Maharashtra, India (Hybrid)"
20,Tata Consultancy Services,Informatica Developer,"Mumbai, Maharashtra, India (On-site)"
21,Techno Wise - 𝚁𝚎𝚌𝚛𝚞𝚒𝚝𝚖𝚎𝚗𝚝 𝚂𝚘𝚕𝚞𝚝𝚒𝚘𝚗𝚜,Appian Lead,"Ahmedabad, Gujarat, India (Remote)"
22,LTIMindtree,AS/400 Administrator,"Bengaluru, Karnataka, India (Hybrid)"
23,Birlasoft,Tools Engineer,"Mulshi, Maharashtra, India (On-site)"
24,Accenture in India,Application Developer,"Bengaluru, Karnataka, India (Hybrid)"
25,Birlasoft,Subcontractor,Greater Bengaluru Area (On-site)
26,Samsung Electronics,"""ASIC-SoC EDA CAD Methodology Design - Sr. Lead"" with 7 15 years","Bengaluru, Karnataka, India (Hybrid)"
27,IBM,AJO Developer (Campaign Technologist),"Bengaluru East, Karnataka, India (On-site)"
28,LinkLumin,Web Designer,"Ludhiana, Punjab, India (On-site)"
29,Birlasoft,Technical Lead,Greater Bengaluru Area (On-site)
30,Birlasoft,Principal Consultant,"Mulshi, Maharashtra, India (Hybrid)"
31,Birlasoft,Oracle PDH Consultant,"Mulshi, Maharashtra, India (On-site)"
32,GravEiens Edu Services Pvt. Ltd.,Professional PPT Designer,"Noida, Uttar Pradesh, India (Remote)"
33,Pocket FM,Ads operation specialist,"Bengaluru, Karnataka, India (On-site)"
34,DViO Digital,Associate Creative Director -Copy,"Pune, Maharashtra, India (On-site)"
35,Virtusa,Nodejs + AWS,"Andhra Pradesh, India (Hybrid)"
36,Birlasoft,Sr Principal Consultant,"Mulshi, Maharashtra, India (On-site)"
37,Guardians EdTech,Business Development Associate,"Bengaluru, Karnataka, India (On-site)"
38,Sopra Steria,SCALA Senior Analyst,"Kanchipuram, Tamil Nadu, India (On-site)"
39,Birlasoft,SAP EWM Functional Consultant,"Noida, Uttar Pradesh, India (Hybrid)"
40,Birlasoft,EBS Financial Consultant,"Pune, Maharashtra, India (Hybrid)"
41,Brilliant Brains | AI Driven Growth Marketing Agency,🚀 We're Hiring: Content Writer & Strategist,"Hyderabad, Telangana, India (Hybrid)"
42,Coddle Technologies Pvt. Ltd.,Lead Generation Executive,"Bengaluru, Karnataka, India (On-site)"
43,Bajaj Allianz Life Insurance,Manager,"Anand, Gujarat, India (On-site)"
44,Curefoods (EatFit),Senior Executive - Finance,"Bengaluru, Karnataka, India (On-site)"
45,EY,Work Force Management Staff - 1-3 Years- Kochi,"Kanayannur, Kerala, India (On-site)"
46,Tech Mahindra,Amazon Connect,"Bengaluru, Karnataka, India (Hybrid)"
47,Welspun Transformation Services Limited,Master Data COE,"Ahmedabad, Gujarat, India (On-site)"
48,Birlasoft,Lead Consultant- SAP GRC & Security,"Pune, Maharashtra, India (Hybrid)"
49,Lowe's India,"Specialist, VSM","Bengaluru, Karnataka, India (On-site)"
50,sliQue Robotics,Full Stack Developer,"Kochi, Kerala, India (Hybrid)"
51,LTIMindtree,Azure dotnet Core Architect,"Bengaluru, Karnataka, India (Hybrid)"
52,EY,BPM APPIAN _staff,"Pune, Maharashtra, India (On-site)"
53,Deluxe,QC Engineer,"Bengaluru, Karnataka, India (On-site)"
54,Birlasoft,Principal Consultant,"Mulshi, Maharashtra, India (On-site)"
55,GS Computech Pvt. Ltd.,Sales Engineer,"Kolkata, West Bengal, India (Hybrid)"
56,L&T Semiconductor Technologies,Head of External Communication,"Bengaluru, Karnataka, India (On-site)"
57,Randstad India,Cost Analyst,"Chennai, Tamil Nadu, India (Hybrid)"
58,GroMo,Technical Lead-Backend,"Gurugram, Haryana, India (On-site)"
59,Virtusa,Tech Lead,"Andhra Pradesh, India (Hybrid)"
60,Synechron,Data Engineer,"Bengaluru, Karnataka, India (On-site)"
61,H&M Group,Software Engineer -SAP CPI,"Bengaluru, Karnataka, India (On-site)"
62,BDO in India,Director - Assurance (Bangalore),"Bengaluru, Karnataka, India (On-site)"
63,Birlasoft,Principal Consultant,"Mulshi, Maharashtra, India (Hybrid)"
64,Godrej Genesis Aviation,HR councillor,Greater Kolkata Area (On-site)
65,NCR Atleos,RPA Developer,"Gurgaon, Haryana, India (On-site)"
66,A leading financial MNC,CA Service Virtualization - Bangalore/Gurgaon,"Bengaluru, Karnataka, India (On-site)"
67,Microland Limited,Desktop Support Specialist,"Anjar, Gujarat, India (On-site)"
68,Airtel Payments Bank,Zonal Manager,"Daltonganj, Jharkhand, India (On-site)"
69,Digikull,Business Development Associate,"Noida, Uttar Pradesh, India (On-site)"
70,Birlasoft,Sr Lead Consultant,"Mulshi, Maharashtra, India (Hybrid)"
71,"M/s Praveen Lakshmi & Co, Chartered Accountants",Tax Associate,"Hyderabad, Telangana, India (On-site)"
72,GODI,Technical Content Writer,"Hyderabad, Telangana, India (On-site)"
73,Tata Consultancy Services,Mainframe Consultant,"Chennai, Tamil Nadu, India (On-site)"
74,LTIMindtree,Technical Architect - Aws Cloud,"Bengaluru, Karnataka, India (On-site)"
75,Tata Consultancy Services,Oracle DBA,"Chennai, Tamil Nadu, India (Hybrid)"
76,Birlasoft,JDA WMS Technical Consultant,"Pune, Maharashtra, India (Hybrid)"
77,DBS Bank,"Vice President - Specialist, Risk Policy","Mumbai, Maharashtra, India (Hybrid)"
78,LTIMindtree,GCP Data Engineer,"Coimbatore, Tamil Nadu, India (Hybrid)"
79,Accenture in India,Digital Content Management Associate,Mumbai Metropolitan Region (On-site)
80,RADIANT,Environmental Safeguard Specialist,"Kolkata metropolitan area, West Bengal, India (On-site)"
81,Birlasoft,JDA/BY WMS Technical Consultant,"Mulshi, Maharashtra, India (On-site)"
82,Honeywell,Cyber Sec Manager,"Bengaluru, Karnataka, India (On-site)"
83,Andreal,Online Bidder,"Kolkata metropolitan area, West Bengal, India (On-site)"
84,Birlasoft,JDE CNC Consultant,Mumbai Metropolitan Region (On-site)
85,Tata Consultancy Services,Mainframe Developer,"Chennai, Tamil Nadu, India (On-site)"
86,Birlasoft,Expert Developer,"Mulshi, Maharashtra, India (On-site)"
87,Accenture in India,Digital Content Management Associate,Mumbai Metropolitan Region (On-site)
88,Birlasoft,Oracle Cloud Technical Specialist,"Pune, Maharashtra, India (Hybrid)"
89,EIMR Global,Content writer - Junior role,"Bengaluru, Karnataka, India (On-site)"
90,Tata Consultancy Services,Mainframe Jobs scheduling,"Hyderabad, Telangana, India (On-site)"
91,TVS Next,ServiceNow Architect,"Chennai, Tamil Nadu, India (On-site)"
92,KPIT,FUSA Expert,"Bengaluru, Karnataka, India (On-site)"
93,Amadora Gourmet Ice Cream Pvt. Ltd,Shift Manager,"Chennai, Tamil Nadu, India (On-site)"
94,Amadora Gourmet Ice Cream Pvt. Ltd,Shift Manager,"Bengaluru, Karnataka, India (On-site)"
95,Cloudphysician,"Critical Care Associate Physician (MBBS + ICU experience), Bangalore","Bengaluru, Karnataka, India (On-site)"
96,Accenture in India,Application Lead,"Bengaluru, Karnataka, India (Hybrid)"
97,[24]7.ai,Software Engineer -3 (Power Automate),"Bengaluru, Karnataka, India (Hybrid)"
98,Tata Consultancy Services,Mainframe Consultant,"Chennai, Tamil Nadu, India (On-site)"
99,LTIMindtree,Technical Architect - Aws Cloud,"Bengaluru, Karnataka, India (On-site)"
100,[24]7.ai,Software Engineer -3 (Power Automate),"Bengaluru, Karnataka, India (Hybrid)"
101,Tata Consultancy Services,Oracle DBA,"Chennai, Tamil Nadu, India (Hybrid)"
102,Tata Consultancy Services,TCS Hiring for SCCM_Hyderabad,"Hyderabad, Telangana, India (On-site)"
103,EIMR Global,Content writer - Junior role,"Bengaluru, Karnataka, India (On-site)"
104,Scalene Livprotec,Pre Sales Engineer,"Bengaluru, Karnataka, India (On-site)"
105,The Tata Pigments,Associate,"Jharkhand, India (On-site)"
106,GenXHire Services Private Limited,Payroll Executive,"Mumbai, Maharashtra, India (On-site)"
107,Chubb,Senior Catastrophe Modeling Analyst - Chubb Tempest Re (Reinsurance),"Hyderabad, Telangana, India (On-site)"
108,Tata Consultancy Services,Salesforce Vlocity,"Hyderabad, Telangana, India (On-site)"
109,International Journal of Neurolinguistics & Gestalt Psychology,Content and Resource Associate,"Mumbai, Maharashtra, India (On-site)"
110,Sourcedesk Global Private Limited,Content Writing Internship in Kolkata,Greater Kolkata Area (On-site)
111,Birlasoft,Technical Lead,"Hyderabad, Telangana, India (Hybrid)"
112,LTIMindtree,GCP Data Engineer,"Bengaluru, Karnataka, India (Hybrid)"
113,NI (National Instruments),Senior Software Engineer,"Bengaluru, Karnataka, India (On-site)"
114,EMotorad,CAE Lead,"Bengaluru, Karnataka, India (On-site)"
115,Accenture in India,Order to Cash Operations Associate,"Noida, Uttar Pradesh, India (On-site)"
116,Hunarho Learning Solutions Private Limited,Admission Counselor - Edtech,"Navi Mumbai, Maharashtra, India (On-site)"
117,Lennox India Technology Centre,Design Thinking Lead,"Chennai, Tamil Nadu, India (On-site)"
118,AT&S,Senior Manager-Quality,"Nanjangud, Karnataka, India (On-site)"
119,ENNOVI,Global Senior Sustainability Manager,"Bengaluru, Karnataka, India (Hybrid)"
120,Birlasoft,Sr Lead Consultant,"Mulshi, Maharashtra, India (On-site)"
121,Beckman Coulter Life Sciences,Research Technician – R&D,"Bengaluru, Karnataka, India (On-site)"
122,Acuity Knowledge Partners,Process Leader - General Ledger,"Gurugram, Haryana, India (Hybrid)"
123,Accenture in India,Order to Cash Operations Associate,"Noida, Uttar Pradesh, India (On-site)"
124,TEKsystems,Windows Engineer,"Bengaluru, Karnataka, India (On-site)"
125,NCR Atleos,App Dev Engineer I,"Gurgaon, Haryana, India (On-site)"
126,Wissen Infotech,Medical representative,"Mumbai, Maharashtra, India (Hybrid)"
127,IGT Solutions,DevOps Engineer (Azure),"Gurugram, Haryana, India (On-site)"
128,SPONGE ENTERPRISES PVT LTD.,Documentation Manager,"Raipur, Chhattisgarh, India (On-site)"
129,Taxila Business School,Web Content Writer,"Jaipur, Rajasthan, India (On-site)"
130,HockeyCurve,Designer - Entry level,"Pune, Maharashtra, India (Hybrid)"
131,Duroshox Private Limited,Plant Controller,"Pune, Maharashtra, India (On-site)"
132,White Cloud Brands,Graphic Designer,"Hyderabad, Telangana, India (On-site)"
133,gmail,FMEA Moderator,"Bengaluru, Karnataka, India (On-site)"
134,Altius Dental,Senior Website Designer / SEO Expert,"Chandigarh, India (On-site)"
135,LTIMindtree,Azure Dotnet Solution Architect,"Bengaluru, Karnataka, India (Hybrid)"
136,Bencos Research Solutions Pvt. Ltd.,Senior Bioinformatics Scientist,"Bengaluru, Karnataka, India (On-site)"
137,Tech Mahindra,SAP Sales and Distribution Consultant,"Noida, Uttar Pradesh, India (On-site)"
138,Hummingbird Scientific,Project Management Coordinator,"Hyderabad, Telangana, India (On-site)"
139,Mundra Energy,Design Engineer-Solar,"Udaipur, Rajasthan, India (On-site)"
140,Kauvery Hospital,Brand Manager,"Tiruchirappalli, Tamil Nadu, India (On-site)"
141,Tata Consultancy Services,Citrix Administrator,"Kolkata, West Bengal, India (On-site)"
142,PINKVILLA,Freelance Sports Writer,India (Remote)
143,L&T Technology Services,Linux Yocto Patching Openings in Bangalore,"Bangalore Urban, Karnataka, India (On-site)"
144,BDO in India,Director - Assurance (Mumbai),"Mumbai, Maharashtra, India (On-site)"
145,SGS & Co,Team Lead - Prepress,"Coimbatore, Tamil Nadu, India (On-site)"
146,Furlenco,Warehouse Trainer,"Bengaluru, Karnataka, India (On-site)"
147,Client,Rancher,"Noida, Uttar Pradesh, India (On-site)"
148,NetAmbit,L&T Sufin BDE,"Noida, Uttar Pradesh, India (On-site)"
149,Supertails,Manager - S&OP,"Bengaluru, Karnataka, India (On-site)"
150,Birlasoft,Lead Consultant,"Mulshi, Maharashtra, India (Hybrid)"
151,IBM,Database Consultant,"Bengaluru East, Karnataka, India (On-site)"
152,Birlasoft,Sr Lead Consultant,"Mulshi, Maharashtra, India (Hybrid)"
153,CANPACK INDIA PRIVATE LIMITED,Furnace Incharge,"Aurangabad, Maharashtra, India (On-site)"
154,Tata Consultancy Services,Workspace Engineering,"Pune, Maharashtra, India (Hybrid)"
155,Birlasoft,JDE CNC Consultant,"Mumbai, Maharashtra, India (Hybrid)"
156,Birlasoft,Lead Consultant,"Mulshi, Maharashtra, India (On-site)"
157,Weldwell Speciality Private Limited,Sales Application Engineer,"Chennai, Tamil Nadu, India (On-site)"
158,PayNways,Project Manager,"Noida, Uttar Pradesh, India (On-site)"
159,Concentrix,"Associate, Real Time Management","Noida, Uttar Pradesh, India (On-site)"
160,Singh Law Chambers LLP,Associates / Jr Assocaites,"Delhi, India (On-site)"
161,BlueStone,Jewelry Designer,"Bengaluru, Karnataka, India (On-site)"
162,popkorn,Google Ads Specialist,"New Delhi, Delhi, India (On-site)"
163,Tata Technologies,Seating Engineer,"Pune, Maharashtra, India (On-site)"
164,LIC,Insurance Advisor,"Serampore-Uttarpara, West Bengal, India (On-site)"
165,AMD,Post-Silicon Validation Lead with 12+Yrs of exp,"Bengaluru, Karnataka, India (On-site)"
166,Tata Technologies,Engineer-Door Trims,"Pune, Maharashtra, India (On-site)"
167,RK HOST SERVICES PRIVATE LIMITED,Freight Forwarder,"Noida, Uttar Pradesh, India (On-site)"
168,Zellis,Cloud Engineer,"Kochi, Kerala, India (Hybrid)"
169,Tata Consultancy Services,JDE CNC Consultant,Greater Bengaluru Area (On-site)
170,LTIMindtree,Production Support Dot Net - Pune / Mumbai / Bangalore,"Mumbai, Maharashtra, India (Hybrid)"
171,Start-Up Hyderabad,Content Writer,"Hyderabad, Telangana, India (On-site)"
172,GE Aerospace,Advanced Lead Engineer - Emerging Technologies,"Bengaluru, Karnataka, India (On-site)"
173,NI (National Instruments),Senior Software Engineer,"Bengaluru, Karnataka, India (On-site)"
174,Lenovo,Offering Manager for AI,"Bangalore Urban, Karnataka, India"
175,"M/s Praveen Lakshmi & Co, Chartered Accountants",ROC Executive,"Hyderabad, Telangana, India (On-site)"
176,Riverside Health System,Physical Therapist Assistant,"Baramati, Maharashtra, India (On-site)"
177,HearClear India,Audiologist,"Hyderabad, Telangana, India (On-site)"
178,Center Source India,Visual Designer,"Delhi, India (On-site)"
179,UNIMOD SYSTEMS PVT LTD,Technical Sales Engineer,"Indore, Madhya Pradesh, India (On-site)"
180,Qh Talbors Private Limited,Computer Numerical Control Operator,"New Delhi, Delhi, India (On-site)"
181,Advantage Club Technologies Inc,Business Development Executive - Mumbai,"Mumbai, Maharashtra, India (On-site)"
182,Collabera Digital,Senior Data Engineer,"Bengaluru, Karnataka, India (On-site)"
183,Birlasoft,Technical Lead,"Mulshi, Maharashtra, India (Hybrid)"
184,IBM,Database Consultant,"Bengaluru East, Karnataka, India (On-site)"
185,Prowess Pursuit Private Limited,Video Editor,Greater Kolkata Area (On-site)
186,BDO RISE Private Limited,ASC 740 Associate Director,"Bengaluru, Karnataka, India (Hybrid)"
187,Roku,"Senior Systems Engineer, Workday Payroll","Bengaluru, Karnataka, India (On-site)"
188,ANKURA HOSPITAL FOR WOMEN AND ÇHILDREN,Speech Language Pathologist,"Hyderabad, Telangana, India (On-site)"
189,ALTEN India,Deputy Principal Engineer/ Lead Engineer - Repair Engineer,"Bengaluru, Karnataka, India (On-site)"
190,Synechron,Data Engineer,"Pune, Maharashtra, India (On-site)"
191,Tata Consultancy Services,Middleware Specialist,"Kolkata, West Bengal, India (On-site)"
192,Network18 Media & Investments Limited,Engineering Manager,"Noida, Uttar Pradesh, India (On-site)"
193,BDO in India,Manager,Mumbai Metropolitan Region (On-site)
194,Upriver,Lead Generation Specialist,"Gurugram, Haryana, India (On-site)"
195,Vistaar WebX,Content Writer Intern,"Bhopal, Madhya Pradesh, India (On-site)"
196,Brilliant Prakashan,Desktop Publishing Operator,"Patna, Bihar, India (On-site)"
197,Blackfrog Technologies,Human Resources Executive,"Udupi, Karnataka, India (On-site)"
198,TMG. (Taxmantra Global),"Assistant Manager, Manager and Senior Manager","Bengaluru, Karnataka, India (On-site)"
199,Verity Knowledge Solutions Pvt. Ltd.,Investment Banking Associate,"Hyderabad, Telangana, India (Hybrid)"
200,SGS & Co,Prepress QC Executive,"Mumbai, Maharashtra, India (On-site)"
201,First Solar,Intern/Apprentice IND,India (Remote)
202,Quizizz,Graphic Design Consultant,"Bengaluru, Karnataka, India (On-site)"
203,GenXHire Services Private Limited,Payroll Executive,"Mumbai, Maharashtra, India (On-site)"
204,Birlasoft,Oracle GTM Cloud,"Delhi, India (Hybrid)"
205,Coforge,MS SQL Server DBA with Azure,"Gautam Buddha Nagar, Uttar Pradesh, India (On-site)"
206,Tata Consultancy Services,Informatica Cloud(IICS),"Chennai, Tamil Nadu, India (On-site)"
207,Axis Mutual Fund,Relationship Manager - Family Office,"Mumbai, Maharashtra, India (On-site)"
208,Adani Enterprises Limited,Technical Auditor - MAAS,"Ahmedabad, Gujarat, India (On-site)"
209,Godrej Agrovet Limited,Assistant Manager Technology Transfer,"Mahad, Maharashtra, India (On-site)"
210,ALTEN India,Deputy Principal Engineer/ Lead Engineer - Repair Engineer,"Bengaluru, Karnataka, India (On-site)"
211,System Soft Technologies,SAP Plant Maintenance,"Hyderabad, Telangana, India (On-site)"
212,Novo Nordisk,Programme Manager,"Bengaluru, Karnataka, India (On-site)"
213,BDO in India,Manager,Mumbai Metropolitan Region (On-site)
214,Innomotics,Cost and Value Engineer - Key Expert,"Navi Mumbai, Maharashtra, India (Hybrid)"
215,SGS & Co,Prepress QC Executive,"Mumbai, Maharashtra, India (On-site)"
216,Sodexo Benefits and Rewards Services,Technical Lead(Dot Net),"Mumbai, Maharashtra, India (Hybrid)"
217,DIGI - MAA,Copywriter,"Ahmedabad, Gujarat, India (On-site)"
218,Tata Consultancy Services,TSM Backup Admin,"Kochi, Kerala, India (On-site)"
219,Zivame,Designer - Sleepwear/Loungewear,"Bangalore Urban, Karnataka, India (On-site)"
220,Edumilestones.com,Content Writer Intern,"Bengaluru, Karnataka, India (On-site)"
221,Infosys,IP Counsel / Senior IP Counsel,"Bengaluru, Karnataka, India (On-site)"
222,EVANS ELECTRIC LIMITED,Coil & Winding shop supervisor,"Palghar, Maharashtra, India (On-site)"
223,Grand Estancia,Reservation Associate,"Salem, Tamil Nadu, India (On-site)"
224,Randstad India,Azure Cosmos Data Architecture,"Bengaluru, Karnataka, India (On-site)"
225,Accenture in India,Application Lead,Greater Kolkata Area (Hybrid)
226,Sri Siddha Sanmarga,Senior Content Writer,"Hyderabad, Telangana, India (On-site)"
227,Unilactic Enterprises,3D Printing Engineer,"Mumbai, Maharashtra, India (On-site)"
228,Schbang,Tech Communication Executive,Mumbai Metropolitan Region (On-site)
229,Ingersoll Rand,Document Controller,"Ahmedabad, Gujarat, India (On-site)"
230,Tata Consultancy Services,SAP EWM,"Hyderabad, Telangana, India (On-site)"
231,Sunfox Technologies,Senior Computer Aided Design Designer,"Dehradun, Uttarakhand, India (On-site)"
232,Axalta,OCM Lead,"Gurugram, Haryana, India (On-site)"
233,Seventh Sky Tours and Travels - India,Holiday Packages,Mumbai Metropolitan Region (On-site)
234,Vedanta Sesa Goa,Head Mining Operations,"Chitradurga, Karnataka, India (On-site)"
235,GE Aerospace,Lead Engineer - Emerging Technologies,"Bengaluru, Karnataka, India (On-site)"
236,STL Digital,SAP MM Lead,"Bhubaneswar, Odisha, India (Hybrid)"
237,IBM,DevOps Engineer,"Kochi, Kerala, India (On-site)"
238,Vecmocon Technologies,Graphic Designer,"New Delhi, Delhi, India (On-site)"
239,L&T Semiconductor Technologies,Director Business Program Management,"Bengaluru, Karnataka, India (On-site)"
240,Tata Consultancy Services,Moodle Development,Mumbai Metropolitan Region (On-site)
241,Emerson,"Manager, Proposals","Hyderabad, Telangana, India (Hybrid)"
242,IBM,DevOps Engineer,"Kochi, Kerala, India (On-site)"
243,Arth,Rebar Detailer,"Hyderabad, Telangana, India (On-site)"
244,I Groups • igroupsidentity,Business Development Associate,"Coimbatore, Tamil Nadu, India (Hybrid)"
245,onsemi,Digital Workspace Engineer - Endpoints,"Bengaluru, Karnataka, India"
246,Bartergram,Outreach Specialist,"Mumbai, Maharashtra, India (On-site)"
247,Tata Consultancy Services,Kubernetes SME,"Bengaluru, Karnataka, India (On-site)"
248,Pragyanam,Middle School English,"Gurugram, Haryana, India (On-site)"
249,IFF,Senior Specialist - GL Recons,"Hyderabad, Telangana, India (On-site)"
250,Anubhuti Media,Freelance,"Mumbai, Maharashtra, India (Hybrid)"
251,JW Marriott,Maintenance,Mumbai Metropolitan Region
252,Mentoria,Business Development Associate,"Mumbai, Maharashtra, India (On-site)"
253,UPES,JRF on a BRNS funded project,"Dehradun, Uttarakhand, India (On-site)"
254,Hexaware Technologies,Peoplesoft Administrator,"Mumbai, Maharashtra, India (On-site)"
255,Tata Consultancy Services,APM Consultant,"Pune, Maharashtra, India (On-site)"
256,bhatia,Assistant Manager,"Kota, Rajasthan, India (On-site)"
257,Bagrecha Jain Automobiles,Billing Specialist,"Hubli, Karnataka, India (Hybrid)"
258,EY,Senior Analyst - Forensics - National - ASU - Forensics - Investigations & Compliance - Noida,"Noida, Uttar Pradesh, India (On-site)"
259,Hanifa School - India,Coordinator,"Borsad, Gujarat, India (On-site)"
260,TALENT CORNER HR SERVICES PVT. LTD.,Copy Writer (Advertsing ),"Navi Mumbai, Maharashtra, India (On-site)"
261,Accenture in India,PPSM Associate,Mumbai Metropolitan Region (Hybrid)
262,Blusteak Media,Graphic Designer,"Kottayam, Kerala, India (On-site)"
263,B J Electronics Private Limited,Production Manager,"Coimbatore, Tamil Nadu, India (On-site)"
264,Dassault Systèmes,Senior Services Software Consultant - ENOVIA,"Pune, Maharashtra, India (On-site)"
265,GoDaddy,Senior Database Developer - MS SQL -eCommerce,"Gurugram, Haryana, India (On-site)"
266,Ganpati House of Achievers,Visa Officer,"Kurukshetra, India (On-site)"
267,Matrix Life Science,Asst. Manager / Manager – Utility,"Paithan, Maharashtra, India (On-site)"
268,GE Aerospace,Lead Engineer - Emerging Technologies,"Bengaluru, Karnataka, India (On-site)"
269,New Vision Digital,Internship - Motion Graphic Designer,"Noida, Uttar Pradesh, India (On-site)"
270,DrSpectra Wellness Pvt Ltd,Clinical Audiologist,"New Delhi, Delhi, India (On-site)"
271,Accenture in India,Application Lead,Mumbai Metropolitan Region (Hybrid)
272,Birlasoft,Servicemax Developer,"Noida, Uttar Pradesh, India (Hybrid)"
273,Asianet News Media And Entertainment Pvt Ltd,National News Sub Editor-Kannada,"Bengaluru, Karnataka, India (On-site)"
274,BONJOUR,Specialist,"Sadar, Uttar Pradesh, India (On-site)"
275,Etihad,Sales Officer,Greater Hyderabad Area (On-site)
276,Peoplefy,Filenet -Datacap-Opentext Document Management Admin,"Pune, Maharashtra, India (On-site)"
277,Weldwell Speciality Private Limited,Sales Application Engineer,"Vadodara, Gujarat, India (On-site)"
278,Genpact,Inviting Applications for Unica Campaign Management - Gurgaon Location - 12 PM to 9 Pm Shift,"Gurugram, Haryana, India (On-site)"
279,"Center for Advanced Wireless Integrated Technology, Chennai Institute of Technology",Research Scientist,"Chennai, Tamil Nadu, India (On-site)"
280,YALLO Retail,Senior Data Engineer (SAP + Azure),India (Remote)
281,arodek,SAP Basis & Security Consultant,"Kolkata, West Bengal, India (On-site)"
282,ERM,Azure Data Engineer (Mid-Senior Level),Greater Kolkata Area
283,Klizo Solutions Pvt Ltd,Python Developer,"Kolkata, West Bengal, India (On-site)"
284,"GUDDGE, LLC",SAP BusinessObjects Developer,Greater Hyderabad Area (Remote)
285,Genpact,"Principal Consultant, SAP PS-ITO078148","Kolkata, West Bengal, India (On-site)"
286,Hyland,Software Architect 4,"Kolkata, West Bengal, India (Hybrid)"
287,YALLO Retail,Senior Data Engineer (SAP + Azure),India (Remote)
288,arodek,SAP Basis & Security Consultant,"Kolkata, West Bengal, India (On-site)"
289,ERM,Azure Data Engineer (Mid-Senior Level),Greater Kolkata Area
290,Klizo Solutions Pvt Ltd,Python Developer,"Kolkata, West Bengal, India (On-site)"
291,"GUDDGE, LLC",SAP BusinessObjects Developer,Greater Hyderabad Area (Remote)
292,Genpact,"Principal Consultant, SAP PS-ITO078148","Kolkata, West Bengal, India (On-site)"
293,Hyland,Software Architect 4,"Kolkata, West Bengal, India (Hybrid)"
294,YALLO Retail,Senior Data Engineer (SAP + Azure),India (Remote)
295,arodek,SAP Basis & Security Consultant,"Kolkata, West Bengal, India (On-site)"
296,ERM,Azure Data Engineer (Mid-Senior Level),Greater Kolkata Area
297,Klizo Solutions Pvt Ltd,Python Developer,"Kolkata, West Bengal, India (On-site)"
298,"GUDDGE, LLC",SAP BusinessObjects Developer,Greater Hyderabad Area (Remote)
299,Genpact,"Principal Consultant, SAP PS-ITO078148","Kolkata, West Bengal, India (On-site)"
300,Hyland,Software Architect 4,"Kolkata, West Bengal, India (Hybrid)"
301,YALLO Retail,Senior Data Engineer (SAP + Azure),India (Remote)
302,arodek,SAP Basis & Security Consultant,"Kolkata, West Bengal, India (On-site)"
303,ERM,Azure Data Engineer (Mid-Senior Level),Greater Kolkata Area
304,Klizo Solutions Pvt Ltd,Python Developer,"Kolkata, West Bengal, India (On-site)"
305,"GUDDGE, LLC",SAP BusinessObjects Developer,Greater Hyderabad Area (Remote)
306,Genpact,"Principal Consultant, SAP PS-ITO078148","Kolkata, West Bengal, India (On-site)"
307,Hyland,Software Architect 4,"Kolkata, West Bengal, India (Hybrid)"
308,YALLO Retail,Senior Data Engineer (SAP + Azure),India (Remote)
309,arodek,SAP Basis & Security Consultant,"Kolkata, West Bengal, India (On-site)"
310,ERM,Azure Data Engineer (Mid-Senior Level),Greater Kolkata Area
311,Klizo Solutions Pvt Ltd,Python Developer,"Kolkata, West Bengal, India (On-site)"
312,"GUDDGE, LLC",SAP BusinessObjects Developer,Greater Hyderabad Area (Remote)
313,Genpact,"Principal Consultant, SAP PS-ITO078148","Kolkata, West Bengal, India (On-site)"
314,Hyland,Software Architect 4,"Kolkata, West Bengal, India (Hybrid)"
315,YALLO Retail,Senior Data Engineer (SAP + Azure),India (Remote)
316,arodek,SAP Basis & Security Consultant,"Kolkata, West Bengal, India (On-site)"
317,ERM,Azure Data Engineer (Mid-Senior Level),Greater Kolkata Area
318,Klizo Solutions Pvt Ltd,Python Developer,"Kolkata, West Bengal, India (On-site)"
319,"GUDDGE, LLC",SAP BusinessObjects Developer,Greater Hyderabad Area (Remote)
320,Genpact,"Principal Consultant, SAP PS-ITO078148","Kolkata, West Bengal, India (On-site)"
321,Hyland,Software Architect 4,"Kolkata, West Bengal, India (Hybrid)"
322,YALLO Retail,Senior Data Engineer (SAP + Azure),India (Remote)
323,arodek,SAP Basis & Security Consultant,"Kolkata, West Bengal, India (On-site)"
324,ERM,Azure Data Engineer (Mid-Senior Level),Greater Kolkata Area
325,Klizo Solutions Pvt Ltd,Python Developer,"Kolkata, West Bengal, India (On-site)"
326,"GUDDGE, LLC",SAP BusinessObjects Developer,Greater Hyderabad Area (Remote)
327,Genpact,"Principal Consultant, SAP PS-ITO078148","Kolkata, West Bengal, India (On-site)"
328,Hyland,Software Architect 4,"Kolkata, West Bengal, India (Hybrid)"
329,YALLO Retail,Senior Data Engineer (SAP + Azure),India (Remote)
330,arodek,SAP Basis & Security Consultant,"Kolkata, West Bengal, India (On-site)"
331,ERM,Azure Data Engineer (Mid-Senior Level),Greater Kolkata Area
332,Klizo Solutions Pvt Ltd,Python Developer,"Kolkata, West Bengal, India (On-site)"
333,"GUDDGE, LLC",SAP BusinessObjects Developer,Greater Hyderabad Area (Remote)
334,Genpact,"Principal Consultant, SAP PS-ITO078148","Kolkata, West Bengal, India (On-site)"
335,Hyland,Software Architect 4,"Kolkata, West Bengal, India (Hybrid)"
336,YALLO Retail,Senior Data Engineer (SAP + Azure),India (Remote)
337,arodek,SAP Basis & Security Consultant,"Kolkata, West Bengal, India (On-site)"
338,ERM,Azure Data Engineer (Mid-Senior Level),Greater Kolkata Area
339,Klizo Solutions Pvt Ltd,Python Developer,"Kolkata, West Bengal, India (On-site)"
340,"GUDDGE, LLC",SAP BusinessObjects Developer,Greater Hyderabad Area (Remote)
341,Genpact,"Principal Consultant, SAP PS-ITO078148","Kolkata, West Bengal, India (On-site)"
342,Hyland,Software Architect 4,"Kolkata, West Bengal, India (Hybrid)"
343,YALLO Retail,Senior Data Engineer (SAP + Azure),India (Remote)
344,arodek,SAP Basis & Security Consultant,"Kolkata, West Bengal, India (On-site)"
345,ERM,Azure Data Engineer (Mid-Senior Level),Greater Kolkata Area
346,Klizo Solutions Pvt Ltd,Python Developer,"Kolkata, West Bengal, India (On-site)"
347,"GUDDGE, LLC",SAP BusinessObjects Developer,Greater Hyderabad Area (Remote)
348,Genpact,"Principal Consultant, SAP PS-ITO078148","Kolkata, West Bengal, India (On-site)"
349,Hyland,Software Architect 4,"Kolkata, West Bengal, India (Hybrid)"
350,YALLO Retail,Senior Data Engineer (SAP + Azure),India (Remote)
351,arodek,SAP Basis & Security Consultant,"Kolkata, West Bengal, India (On-site)"
352,ERM,Azure Data Engineer (Mid-Senior Level),Greater Kolkata Area
353,Klizo Solutions Pvt Ltd,Python Developer,"Kolkata, West Bengal, India (On-site)"
354,"GUDDGE, LLC",SAP BusinessObjects Developer,Greater Hyderabad Area (Remote)
355,Genpact,"Principal Consultant, SAP PS-ITO078148","Kolkata, West Bengal, India (On-site)"
356,Hyland,Software Architect 4,"Kolkata, West Bengal, India (Hybrid)"
357,YALLO Retail,Senior Data Engineer (SAP + Azure),India (Remote)
358,arodek,SAP Basis & Security Consultant,"Kolkata, West Bengal, India (On-site)"
359,ERM,Azure Data Engineer (Mid-Senior Level),Greater Kolkata Area
360,Klizo Solutions Pvt Ltd,Python Developer,"Kolkata, West Bengal, India (On-site)"
361,"GUDDGE, LLC",SAP BusinessObjects Developer,Greater Hyderabad Area (Remote)
362,Genpact,"Principal Consultant, SAP PS-ITO078148","Kolkata, West Bengal, India (On-site)"
363,Hyland,Software Architect 4,"Kolkata, West Bengal, India (Hybrid)"
364,YALLO Retail,Senior Data Engineer (SAP + Azure),India (Remote)
365,arodek,SAP Basis & Security Consultant,"Kolkata, West Bengal, India (On-site)"
366,ERM,Azure Data Engineer (Mid-Senior Level),Greater Kolkata Area
367,Klizo Solutions Pvt Ltd,Python Developer,"Kolkata, West Bengal, India (On-site)"
368,"GUDDGE, LLC",SAP BusinessObjects Developer,Greater Hyderabad Area (Remote)
369,Genpact,"Principal Consultant, SAP PS-ITO078148","Kolkata, West Bengal, India (On-site)"
370,Hyland,Software Architect 4,"Kolkata, West Bengal, India (Hybrid)"
371,YALLO Retail,Senior Data Engineer (SAP + Azure),India (Remote)
372,arodek,SAP Basis & Security Consultant,"Kolkata, West Bengal, India (On-site)"
373,ERM,Azure Data Engineer (Mid-Senior Level),Greater Kolkata Area
374,Klizo Solutions Pvt Ltd,Python Developer,"Kolkata, West Bengal, India (On-site)"
375,"GUDDGE, LLC",SAP BusinessObjects Developer,Greater Hyderabad Area (Remote)
376,Genpact,"Principal Consultant, SAP PS-ITO078148","Kolkata, West Bengal, India (On-site)"
377,Hyland,Software Architect 4,"Kolkata, West Bengal, India (Hybrid)"
378,YALLO Retail,Senior Data Engineer (SAP + Azure),India (Remote)
379,arodek,SAP Basis & Security Consultant,"Kolkata, West Bengal, India (On-site)"
380,ERM,Azure Data Engineer (Mid-Senior Level),Greater Kolkata Area
381,Klizo Solutions Pvt Ltd,Python Developer,"Kolkata, West Bengal, India (On-site)"
382,"GUDDGE, LLC",SAP BusinessObjects Developer,Greater Hyderabad Area (Remote)
383,Genpact,"Principal Consultant, SAP PS-ITO078148","Kolkata, West Bengal, India (On-site)"
384,Hyland,Software Architect 4,"Kolkata, West Bengal, India (Hybrid)"
385,YALLO Retail,Senior Data Engineer (SAP + Azure),India (Remote)
386,arodek,SAP Basis & Security Consultant,"Kolkata, West Bengal, India (On-site)"
387,ERM,Azure Data Engineer (Mid-Senior Level),Greater Kolkata Area
388,Klizo Solutions Pvt Ltd,Python Developer,"Kolkata, West Bengal, India (On-site)"
389,"GUDDGE, LLC",SAP BusinessObjects Developer,Greater Hyderabad Area (Remote)
390,Genpact,"Principal Consultant, SAP PS-ITO078148","Kolkata, West Bengal, India (On-site)"
391,Hyland,Software Architect 4,"Kolkata, West Bengal, India (Hybrid)"
392,YALLO Retail,Senior Data Engineer (SAP + Azure),India (Remote)
393,arodek,SAP Basis & Security Consultant,"Kolkata, West Bengal, India (On-site)"
394,ERM,Azure Data Engineer (Mid-Senior Level),Greater Kolkata Area
395,Klizo Solutions Pvt Ltd,Python Developer,"Kolkata, West Bengal, India (On-site)"
396,"GUDDGE, LLC",SAP BusinessObjects Developer,Greater Hyderabad Area (Remote)
397,Genpact,"Principal Consultant, SAP PS-ITO078148","Kolkata, West Bengal, India (On-site)"
398,Hyland,Software Architect 4,"Kolkata, West Bengal, India (Hybrid)"
399,YALLO Retail,Senior Data Engineer (SAP + Azure),India (Remote)
400,arodek,SAP Basis & Security Consultant,"Kolkata, West Bengal, India (On-site)"
401,ERM,Azure Data Engineer (Mid-Senior Level),Greater Kolkata Area
402,Klizo Solutions Pvt Ltd,Python Developer,"Kolkata, West Bengal, India (On-site)"
403,"GUDDGE, LLC",SAP BusinessObjects Developer,Greater Hyderabad Area (Remote)
404,Genpact,"Principal Consultant, SAP PS-ITO078148","Kolkata, West Bengal, India (On-site)"
405,Hyland,Software Architect 4,"Kolkata, West Bengal, India (Hybrid)"
406,YALLO Retail,Senior Data Engineer (SAP + Azure),India (Remote)
407,arodek,SAP Basis & Security Consultant,"Kolkata, West Bengal, India (On-site)"
408,ERM,Azure Data Engineer (Mid-Senior Level),Greater Kolkata Area
409,Klizo Solutions Pvt Ltd,Python Developer,"Kolkata, West Bengal, India (On-site)"
410,"GUDDGE, LLC",SAP BusinessObjects Developer,Greater Hyderabad Area (Remote)
411,Genpact,"Principal Consultant, SAP PS-ITO078148","Kolkata, West Bengal, India (On-site)"
412,Hyland,Software Architect 4,"Kolkata, West Bengal, India (Hybrid)"
